Country,Site,Climate Classification,Production system,GPS location,Latitute,Longitute,Shapefile available? (Y/N),If yes provide link,Altitute (m.a.s.l.),Innovation/ Technology/ Tool,Type of Innovation / Technology/ Tool,Scale,Challenge it was addressing,Was it co-developed,"if yes, actors involved",Years of testing,# farmers testing solution,Target population size,Data collected,Is it part of a innovation bundle (Y/N),"If Y, what bundle",Link to data repository,Link to innovation description,Link to another AoW,Focal Point,Centre (s) involved ,Other scientist(s) from the centre(s) involved,Implementing partner(s) involved (if applicable),Evaluated for scaling readiness,Assigned scaling readiness level (1-9),Food security,Improved livelihoods,Gender and social inclusion,climate adaptation and mitigation,Environmental health and biodiversity
Africa,Whole country,,,,,,,,,VarScout,Technical,Multiscale,Landrace level conservation monitoring,Yes,Stakeholders,4,5000,,"Monitoring, Morphological and Agronomic data",No,,,https://play.google.com/store/apps/details?id=org.varscout.app&hl=es_PE&gl=US,,Marcel Gatto/Stef de Haan,CIP,Vilma Hualla,RESONANZ Group,,,,,,,
Burkina Faso,"8 regions (Centre, Hauts Bassins, Centre-ouest, Plateau Central, Centre-sud,Cascades,Sud-ouest, Centre-est)",hot semi-arid,,,,,,,,Mapping of tree diversity in national tree seed system,Technical,Multiscale,Lack of representation of native tree diversity in tree seed system,Yes,Government agency,,,,inventory of 600 tree seed nurseries across 8 regions of Burkina Faso (paper in preparation),,,,600 small-scale tree nurseries in Burkina Faso hold large diversity - CGIAR,AoW2,Barbara Vinceti,Alliance of Bioversity and CIAT,,National Tree Seed Center of Burkina Faso,,,,,,,
Burkina Faso,,hot semi-arid,,,,,,,,National tree Seed Center's updated seed catalogue and seed handling protocols,Technical,Multiscale,Limited availability of native tree planting material in tree seed system,yes,Government agency,,,,updated seed handling protocols and list of planting material available at National tree Seed Center,,,,https://hdl.handle.net/10568/168306,AoW2,Barbara Vinceti,Alliance of Bioversity and CIAT,,National Tree Seed Center of Burkina Faso,,,,,,,
Colombia,"El Dovio, Valle de Cauca",Tropical (Rainforest),,"Latitude,   4.50790000, longitude, -76.23619000",,,,,1418,Participatory Varietal Selection,Technical,Community,Loss of productivity,Yes,"Farmers, Government extension, CBOs, Government research organization",2,30,,Yield (kg/ha),No,,,,AoW2,Sylvanus Odjo,CIMMYT,,,,,,,,,
Colombia,"El Dovio, Valle de Cauca",Tropical (Rainforest),,"Latitude,   4.50790000, longitude,  -76.23619000",,,,,1418,Circular economy,Technical,Community,High costs of inputs ,Yes,"Farmers, Government extension, CBOs, Government research organization",2,30,,Yield (kg/ha),Yes,Compost,,,AoW2 & AoW3,Sylvanus Odjo,"CIMMYT, ABC",Guillermo Peña Chipatecua,,,,,,,,
Colombia,"Cumbal, Nariño",Temperate,,"Latitude,    0.90875, longitude,  -77.79145",,,,,3203,Community seed bank,Socio-technical,Landscape,Loss of biodiversity and very low levels of seed exchange among farmers,Yes,"Farmers, students and teachers from the Indigenous Technical School, CBOs, NARS",1,30,,Number of crops and varieties stored; quantity of seeds stored; number of farmers borrowing seeds and quantity of seeds borrowed,Yes ,,,https://alliancebioversityciat.org/stories/new-indigenous-community-seedbank-everyone-cumbal-colombia,AoW2 & AoW3,Ronnie Vernooy,"ABC, CIMMYT","Sylvanus, Marleni Ramirez","CSB Yal-Pue Cumbe, Instituto Educativo Tecnica Agropecuaria Indigena Cumbe (Cumbal)",,,,,,,
Colombia,"Cumbal, Nariño",Temperate,,"Latitude,    0.90875, longitude,  -77.79145",,,,,3203,In-situ conservation toolbox,Technical,Multiscale,Landrace level conservation monitoring,Yes,"Conservation practitioners, NGO's, NARI, farmer groups",>5,5000,,"Genetic fingerprints, qualitative and quantitative red lists, landraces catalogues, landrace distribution maps",Yes ,Toolkit,,INICIO -,,Stef de HAAN,CIP,Israel Navarrete,AGROSAVIA,,,,,,,
Colombia,Putumayo,amazon forest,,"1.084314, -76.627524",,,,,,Circular economy,Technical,Multiscale,organic fertilizer being imported,yes,government agency,1,,,composting of decommissioned timber,Yes ,"circular bioeconomy,  part of co-design of cacao agroforestry though cacacodiversity.org",,,AoW3,Evert Thomas,Bioversity,,"Corpoamazonia, Forestpa",,,,,,,
Colombia,Putumayo,amazon forest,,"1.084314, -76.627524",,,,,,emerging bioeconomy products,Technical,Multiscale,"clonal garden of novel, booming bioeconomy species",yes,"farmers, government, private sector",2,,,most promising trees identified on farmers fields and copies established in clonal garden for production of quality planting materials,Yes ,"linking farmers no emerging bioeconomy markets, part of co-design of cacao agroforestry though cacacodiversity.org",,,AoW3,Evert Thomas,Bioversity,,"Corpoamazonia, Forestpa",,,,,,,
Colombia,Putumayo,amazon forest,,"1.084314, -76.627524",,,,,,bioeconomy market opportunities,Socio-technical,Multiscale,"marketstudy to identify timber and non timber products with commercial value, actors involved in value chain, expectation of growth etc",yes,"government agency, private sector",2,"78 NTFP buyers, 133 timber buyers",,"timber and non timber products with commercial value, prices paid to farmers, expectation of growth, current volume",Yes ,part of co-design of cacao agroforestry though cacacodiversity.org,,,AoW3,Evert Thomas,Bioversity,,"Putumayoemprende, corpoamazonia",,,,,,,
Colombia,Putumayo,amazon forest,,-76.6580 1.07385 and other locations,,,,,,agroforestry co-design,Socio-technical,farm,replace one size fits all agroforetsry to market based co-designed agoforestry,yes,farmers NGO,2,6,,co-design of demosntartive cacao agroforetsry plots on farmers land,Yes ,part of co-design of cacao agroforestry though cacacodiversity.org,,,,Evert Thomas,Bioversity,Tobias fremout,Conservation International,,,,,,,
Colombia,Putumayo,amazon forest,,"1.084314, -76.627524",,,,,,emerging bioeconomy products,Technical,Multiscale,set up clonal garden of native cacao,yes,"government agency, private sector",1,30 cacao genotypes collected and characterised ,,"genetic characterization, sensorial and morphological data",Yes ,part of co-design of cacao agroforestry though cacacodiversity.org,,,,Evert Thomas,Bioversity,,"SENA, Corpoamazonia, agrosavia",,,,,,,
Colombia,Putumayo,amazon forest,,"1.084314, -76.627524",,,,,,native tree seed collection,Socio-technical,Landscape,access to quality seeds of native tree species,yes,"government agency, private sector",2,1200 seed trees,,"phenological monitroing, morphological characterization",Yes ,part of co-design of cacao agroforestry though cacacodiversity.org,,,,Evert Thomas,Bioversity,,"Corpoamazonia, Forestpa",,,,,,,
Colombia,Narino,hAndean highlands,,"0.910968, -77.811883",,,,,,farmer interviews to support development silvopastoral design tool,Socio-technical,Landscape,silvopastoral system design,yes,,1,33,,"interview data on tree preefrences, system deisgn, tree functional traits and usefulness etc",Yes ,development of silvopastorl system design tool to be hosted at www.treeplanner.org,,,,Evert Thomas,Bioversity,Tobias Fremout,,,,,,,,
Colombia,Narino,"temperate, highlands",,"0.910968, -77.811883",,,,,3203,AgroBiodiversty-based bsusinesses,Socio-economic,Landscape,Lack of options to add multiple value to native agrobiodiversity,YES,"Women farmers, government, private sector",2,40,,"Interviews,business plans",Yes ,capacity development & co-design,, storage.googleapis.com/cgiarorg/2025/02/NATURE-Value-Chains-Report-2022-2024.pdf,AoW3,Marleni Ramirez,Bioversity,Consultant Myrian Garcia,"SENA, Gob of Narino, NGOs",,,,,,,
Colombia,Narino,"temperate, highlands",,"0.910968, -77.811883",,,,,3203,Sustainable Livestock systems,Socio-technical,Landscape,Unsustainable livestock operations,YES,"Dairy farmers , Association officers,",2,10,,"Baseline, dairy farm design",Yes ,capacity development & co-design,,https://cgiar-my.sharepoint.com/:b:/g/personal/anny_yedra_cgiar_org/EQp2_xWZvLpNphNd1_PadVgBBOfegJ8HBTQCb4vFk22VEg?e=gn1tZU    https://cgspace.cgiar.org/items/6ec0a0ad-5bd0-4175-82ec-b454314a6f52,,Jacobo Arango,CIAT,Alejandro Montoya,Impulso Verde,,,,,,,
Ethiopia,"Borana, Filtu, Moyale",Semi-arid,,,,,,,,Community rangeland health workers,Socio-technical,Community,Lack of rangeland health provision in one health units,Yes,NGOs,1,,,,,,,https://hdl.handle.net/10568/168534,,,,,,,,,,,,
Ethiopia,"Borana, Filtu, Moyale",Semi-arid,,,,,,,,Participatory rangeland management ,Socio-technical,Landscape,"Weakened governance, land degradation, ",Yes,"Farmers, Government extension, CBOs, Government research organization",6,,,Socioeconomic,Yes ,Participatory rangeland management ,,https://hdl.handle.net/10568/173807,,,,,,,,,,,,
Ethiopia,"Oromia, Somali",Semi-arid,,Semi-arid,,,,,,Restoration Co-Design (ReCoDe),Socio-technical,Community,"Rangeland degradation, weak knowledge on restoration, poor information on restoration success",Yes,"Producers, government extension, NGOs, CBOs",2,"Total 45,949; Female 25,328; Male 20,621",,"Rangeland condition, soil C and nutrients, bulk density, botanical",Yes ,Participatory rangeland management,,https://hdl.handle.net/10568/169203,,Jason Sircely,,Fiona Flintan,"Amref, VSF-Suisse",,,,,,,
India,"Akole, Nandurbar",Semi-arid,,,,,,,210-593,Soil Baseline in India,Technical,Multiscale,"Low soil fertility; high input cost; low crop productivity, soil degradation, high pests and diseases infestation",Yes,"NGO, NARS",2,,,Baseline data on physical  and chemical properties of soil,No,,https://cgspace.cgiar.org/items/4883a691-05aa-4ca1-8016-751c00316c5e,,,Manoj Kaushal,Alliance," Yosef Kidane, Carlo Fadda","BAIF, NAISM",,,,,,,
India,"Akole, Nandurbar",Semi-arid,,,,,,,,Farmer producer organization,Socio-technical,Community,Market coordination,Yes,BAIF,1,,,Mission report,No,,,,AoW3,Eleonora De Falcis,Alliance,"Andrea Ghione, Jai Rana",BAIF,,,,,,,
India,Mandla,Subtropical,,Lat: 22.829503 Long: 80.211646,,,,,500 to 750 m,Capacity building of communities on preparation and application of  Bio-fertilizer and Bio-pesticides ,Socio-technical,Community,Nutrient and pest management,Yes,"Farmers, NGOs/CBOs, ",1,119,,Nutrient and pest management,No,,,https://hdl.handle.net/10568/173129,"AoW1, AoW2",Sudharsan Malaiappan,"IWMI, Alliance","Gopal Kumar, Smitha Krishnan, Alok Sikka",PRADAN,,,,,,,
India,Mandla,Semi-arid,,"22.5979° N, 80.3714° E",,,,,,Aquatic food system typologies.,Socio-technical,Landscape,Adopted and existing aquatic food systems and associated challenges.,No,,,,,,,,,https://hdl.handle.net/10568/168894,"AoW1, AoW6",Ayan Samaddar,WorldFish,,,,,,,,,
India ,Odisha,Semi arid ,,"Latitude, 20.940920, longitude, 84.803467",,,,,900,Cactus pear for degraded land ,Technical,Community,Degraded communal land ,Yes,"Farmers, Government stakeholders, CBOs, NGOs, Government research organization",4,,,,Yes,,,https://hdl.handle.net/10568/135766,AoW2,Sawsan Hassan ,ICARDA,Mounir Louhaichi,"Directorate of Soil Conservation & Watershed Development (DSC&WD),",,,,,,,
India ,Gujarat,Arid,,"Latitude,  23.733732, longitude,  69.859741",,,,,149,Cactus pear for feed and fruit production ,Technical,Landscape,Animal feed and drought ,Yes,"Farmers, Government stakeholders, CBOs, NGOs, Government research organization",5,,,,Yes,,,https://hdl.handle.net/10568/135766,AoW2,Sawsan Hassan ,ICARDA,Mounir Louhaichi,CAZRI ,,,,,,,
India ,Mandla,Subtropical,,"Village 1 (6 Trials): Lat: 22.735543 Long: 80.297471
Village 2 (5 Trials): Lat: 22.793222 Long: 80.078806
Village 3 (4 Trials): Lat: 22.875026 Long: 80.442419
Village 4 (5 Trials): Lat: 22.950281 Long: 80.432922",,,,,500 to 750,Agroecological Homestead Model,Technical,Plot,"Low land productivity, conventional farming, diversification, Enhancing nutrition, soil health and income of tribal farmers",Yes,"Farmers, NGOs/CBOs, Government stakeholders",1,20,,"Crop Yield, nutrient and pest management, Input cost, Yield, selling price",,,,https://hdl.handle.net/10568/173097,AoW6,Sudharsan Malaiappan,"IWMI, Alliance","Gopal Kumar, Smitha Krishnan, Alok Sikka",PRADAN,,,,,,,
India ,Mandla,Subtropical,,Lat: 22.829503 Long: 80.211646,,,,,500 to 750 m,Microsite (Krishi Kund) for restoration of degraded lands,Technical,Plot,"Land degradation, poor soil health, poor land productivity, ",Yes,"Farmers, NGOs/CBOs, Government stakeholders",1,16,,"Yield/harvest from each component, nutrient and pest management, Input cost, Yield, selling price, labour use",No,,,"https://hdl.handle.net/10568/173088
https://cgspace.cgiar.org/bitstreams/8c6877c2-fa8e-414b-989a-76428ffafd6b/download
https://reporting.cgiar.org/reports/result-details/20226?phase=4",AoW6,Sudharsan Malaiappan,"IWMI, Alliance","Gopal Kumar, Smitha Krishnan, Alok Sikka",PRADAN,,,,,,,
India ,Mandla,Subtropical,,Lat: 22.950281 Long: 80.432922,,,,,500 to 750 m,Integrated Farming System (IFS) models,Technical,Plot,"Monocropping, Enhancing nutrition, soil health, income.",Yes,"Farmers, NGOs/CBOs, Government stakeholders",1,15,,"Yield (kg/ha), Input cost, gross income, Dietary diversity",No,,,https://hdl.handle.net/10568/173088,AoW6,Gopal Kumar,IWMI,"Sudharsan Malaiappan, Alok Sikka",ICAR - IIFSR,,,,,,,
India ,Mandla,Subtropical,,"Site 1: Lat: 22.941857 Long: 80.350005
Site 2: Lat: 22.845 Long: 80.477778",,,,,500 to 750 m,Renewable energy based sustainable landscape management. ,Socio-technical,Community,"Insufficient water, monocropping, use of fossil fuel, Economic diversification",Yes,"Farmers, NGOs/CBOs, Government stakeholders",1,27,,,No,,,https://hdl.handle.net/10568/173088,"AoW2, AoW6",Gopal Kumar,IWMI,"Sudharsan Malaiappan, Deepak Varshney, Alok Sikka","PRADAN, SDC",,,,,,,
India ,India,,,Location Agnostic. ,,,,,500 to 750 m,Multicriteria based priority mapping: charting agroecological pathways in India. ,Technical,National,Identify priority areas for agroecological transition,Yes,"NGOs/CBOs, Government stakeholders, Scientists, Researchers",,,,,No,,,https://hdl.handle.net/10568/172484,AoW2,Gopal Kumar,IWMI,"Alok Sikka, Abhijit Behera, Sudharsan Malaiappan",,,,,,,,
India ,Mandla,Subtropical,,,,,,,500 to 750 m,Context specific typologies for improving Soil moisture and carbon sequestration.,,,,,,,,,,,,,,,,,,,,,,,,,
India ,Mandla,Subtropical,,,,,,,500 to 750 m,"Functional diversity of crop and non-crops , plant-arthropod interactions",Technical,Farm,"Information gap and loss of agrobiodiversity  (traditional), dietary diversity",Yes,"Farmers, NGOs, INGOs, Universities, Government stakeholders",1,,,"species and functional diversity of crop and non-crops, plant-arthropod networks,  farm and management practice, land uses",No,,,https://hdl.handle.net/10568/168899; https://hdl.handle.net/10568/169002,"AoW2, AoW6",Smitha Krishnan,"Alliance, IWMI",Sudharsan Maliappan,"CUK, ATREE, FES",,,,,,,
India ,"Akole, Nandurbar (Western Ghats), Mandla",,,,,,,,,Diversity for restoration,Technical,Landscape,"Land degradation, climate change, failed restoration interventions due to choice of inappropriate tree species",Yes,"Various NGO, research institutions and government bodies (full list: https://www.diversityforrestoration.org/data-contributors-collaborators/ )",,,,"Species distribution, climate parameters, tree functional traits",Yes,"Restoration (part of D4R, MFT, Vulnerability Mapping bundle)",,https://www.diversityforrestoration.org/tool/,AoW2,Smitha Krishnan/Tobias Fremout/ Evert Thomas,Alliance,"Tobias Fremout, Evert Thomas, Chris Kettle, Barbara Vinceti, Riina Jalonen, Marius Eku, Smitha Krishnan, Hannes Gaisberger, ..","NGOs, Government bodies",,,,,,,
India ,Nandurbar,Tropical,,,,,,,,Community ecological knowledge for D4R tool development,Socio-technical,Landscape,Farmer preferences for tree planting and fill gaps in trait information,Yes,Farmers,1,45,,"Knowledge of farmers on different functional traits, farmer preference of tree soecies and traits",Yes,Diversity for restoration,,https://www.diversityforrestoration.org/,AoW2,Smitha Krishnan,Alliance,"Tobias Fremout, Evert Thomas, Chris Kettle, Barbara Vinceti","ATREE, BAIF",,,,,,,
India ,,,,,,,,,,MyFarmTrees,Technical,Landscape,"Degradation, lack of quality planting material, lack of access to finance, infrastructure, technology or knowledge among small holder farmers for restoration",Yes,"Various NGO, research institutions and government bodies",,,,,Yes,"Restoration (part of D4R, MFT, Vulnerability Mapping bundle)",,https://myfarmtrees.org/,AoW2,Smitha Krishnan/ Chris Kettle,Alliance,"Chris Kettle, Marius Eku, Francis Odour, Anton Eitzinger,
Florian Doebler, Simeon Max, Fidel Chiriboga, Barbara Vinceti, Tobias Fremout, Evert Thomas, Riina Jalonen,  Smitha Krishnan, Hannes Gaisberger, ..","NGOs, Government bodies",,,,,,,
India ,West Godavari,Tropical,,"16.9174° N, 81.3399° E",,,,,,Integrated Farming System (IFS) models,Socio-technical,Landscape,Identify priority areas for agroecological transition,Yes,"Farmers, Government stakeholders",1,25,,Ecological and socioeconomic performance related data have been collected ,Yes,A pathway for agroecological transition,,https://hdl.handle.net20.500.123485929 ,AoW1,Ayan Samaddar,WorldFish,,,,,,,,,
India ,West Godavari,Tropical,,"16.9174° N, 81.3399° E",,,,,,Integrated Farming System (IFS) models,Socio-technical,Landscape,"A digital tool developed by using AI/ML technology, that can help farmers in managing inputs in farm and take accurate decissions of input management ",Yes,"Farmers, Government stakeholders, CBOs, NGOs, Government research organization",,,,Ecological and socioeconomic performance related data collection tool,Yes,A digital tool to foster agroecological transition,,https://hdl.handle.net/20.500.12348/6252,AoW1,Ayan Samaddar,WorldFish,,,,,,,,,
India ,"Akole, Shahada",Semi-arid,,,,,,,,Crops and varietal diversity baseline,Technical,Multiscale,"Bioresource erosion, gaps in germplasm collection, lack of seed production skills",Yes,"Government stakeholders, farmers, NGO",,,,"Crops and varietal diversity, erosion of landraces and replacement of varieties; Unique landraces and their characteristics; Gap analysis in germplasm collected and conserved; Exploration and germplasm collection",,,,,,Jai Rana,Alliance ,,"ICAR-NBPGR, BAIF",,,,,,,
India ,"Akole, Shahada",Semi-arid,,,,,,,,Tricot trials ,Technical,Plot,"Testing and introducing new varieties, identifying farmer preferences",No,"Farmers, NGOs/CBOs, Government stakeholders",1,500,,"Varietal evaluation, farm management",,,,,,Jai Rana,Alliance ,Sarika Mittra,"ICAR-NBPGR, BAIF",,,,,,,
India ,"Akole, Shahada",Semi-arid,,,,,,,,Establishment of on-farm conservation  / in-situ germplasm centres,Technical,Plot,"Conservation of landraces, availability of quality seeds, demonstration and training",No,"Farmers, NGOs/CBOs, Government stakeholders",,,,Landrace identification based on farmer preference and scientific characterization and evaluation,,,,,,Jai Rana,Alliance ,,"ICAR-NBPGR, BAIF",,,,,,,
India ,"Kalsubhai region, Akole",Semi-arid,,,,,,,,"Value chain development of traditional rice varieties through identification, nutritional profiling and production",Technical,Multiscale,"Livelihood generation, conservation of landraces",,"Farmers, NGOs/CBOs, Government stakeholders",,,,Nutritional profiling,,,,,,Jai Rana,Alliance ,,"ICAR-NBPGR, BAIF",,,,,,,
India ,"Akole, Shahada, Igatpuri",Semi-arid,,,,,,,,Establishment of Community Seed Bank (CSB),Technical,Community,Conservation and availabity of seeds/ landraces,,"Farmers, NGOs/CBOs, Government stakeholders",1,,,"Traditional knowledge of food recipes, etymology, cultivation practices and storage systems documented",,,,,,,,,,,,,,,,
India ,"Ziro, Arunachal Pradesh",Subtropical,,27.5573237 Latitude and 93.8310233 Longitude,,,,,,Integrated Farming System (IFS) models,Socio-economic,Landscape,Adopted rice fish farming techniques by Apatani tribe with their traditional techniques and associated challenges that are hindering adoption rate,No,,,,,Socioeconomic,,,,https://doi.org/10.1016/j.aquaculture.2024.741476,"AoW1, AoW6",Ayan Samaddar,WorldFish,,,,,,,,,
India ,"Ziro, Arunachal Pradesh",Subtropical,,27.5573237 Latitude and 93.8310233 Longitude,,,,,,Integrated Farming System (IFS) models,Socio-economic,Landscape,Adopted rice fish farming techniques by Apatani tribe with their traditional techniques and associated challenges that are hindering adoption rate,No,,,,,Socioeconomic,,,,https://doi.org/10.1016/j.aqrep.2025.102679,"AoW1, AoW6",Ayan Samaddar,WorldFish,,,,,,,,,
Kenya,Baringo,Semi-arid,,,,,,,,Participatory rangeland management ,Socio-technical,Landscape,"Weakened governance, land degradation, need for improving productivity and health of land",Yes,"Farmers, Government extension, NGOs/CBOs, Government research organization",6,"5,000",,,Yes ,Participatory rangeland management,,http://hdl.handle.net/10568/173807,,,,,,,,,,,,
Kenya,Baringo,Semi-arid,,,,,,,,Entrepreneurial ecosystem approach to sustainable sheep and goat production,Socio-technical,Community,"Low livestock productivity, limited technical expertise, weak linkages across sheep and goat value chain actors to drive livestock improvement programs ",Yes,"Government extension, NGO's, Community groups",1,200,,"Characteristics of different actors (livestock producers, input and service providers, market actors)",Yes ,Entrepreneurial ecosystem approach to sustainable sheep and goat production,,https://hdl.handle.net/10568/170279,,Julie Ojango,ILRI,,RECONCILE,,,,,,,
Kenya,Baringo,Semi-arid,,,,,,,,Community conversations to support socially inclusive locally led adaptation in pastoral communities,Socio-technical,Community,Low levels of participation and decision-making in locally led adaptation processes to strenghten resilience,Yes,"Government extension, NGOs, community groups",1,300,,"Mixed qualitative and quantitive data, baseline and midline",Yes,Participatory rangeland management,,https://hdl.handle.net/10568/127293,AoW1,Renee Bullock,ILRI,"Hamilton Majiwa, Tanaya DuttaGuptta",RECONCILE,,,,,,,
Kenya,Kiambu,Semi-arid,,"Latitude, -1.161573,  Longitude, 36.595805",,,,,2168,Compost manure on Spinach,Technical,Plot,Low soil fertility; high input cost,Yes,"Farmers, Government extension, NGOs/CBOs, Government research organization",2,17,,"Yield (kg/plot),  quality, pest incidence and damage severity",No,,,https://hdl.handle.net/10568/169333,AoW2,Lisa Fuchs,"ABC, IITA, CIFOR-ICRAF","Hezekiah Korir, Peter Bolo, Beatrice Adoyo, Anne Kuria, Frederick Baijukya",CSHEP,,,,,,,
Kenya,Kiambu,Semi-arid,,"Latitude, -1.161573,  Longitude, 36.595805",,,,,2168,Mulching on spinach,Technical,Plot,Insufficient rain/water,Yes,"Farmers, Government extension, NGOs/CBOs, Government research organization",2,17,,"Yield (kg/plot), quality, pest incidence and damage severity",No,,,https://hdl.handle.net/10568/169333,AoW2,Lisa Fuchs,"ABC, IITA, CIFOR-ICRAF","Hezekiah Korir, Peter Bolo, Beatrice Adoyo, Anne Kuria, Frederick Baijukya",CSHEP,,,,,,,
Kenya,Kiambu,Semi-arid,,"Latitude, -1.161573,  Longitude, 36.595805",,,,,2168,Plant-based biopesticide (Chilli) on Cabbages,Technical,Plot,Increase pest damage,Yes,"Farmers, Government extension, NGOs/CBOs, Government research organization",2,17,,"Yield (kg/plot), quality, pest incidence and damage severity",No,,,https://hdl.handle.net/10568/169333,,Lisa Fuchs,"ABC, IITA, CIFOR-ICRAF","Hezekiah Korir, Peter Bolo, Beatrice Adoyo, Anne Kuria, Frederick Baijukya",CSHEP,,,,,,,
Kenya,Makueni,Semi-arid,,,,,,,,Shade-tolerant forages for integration in silvo-pastoral systems,Technical,Field,Shade suppressing growth,No,,1,,,"Growth, yield, nutritional quality",Yes,Silvo-pastoral systems,,,,Solomon Mwendia,"ABC, ICARDA","Peggy Karimi, An Notenbaert, David Muruu",Lukenya University,,,,,,,
Kenya,Makueni,Semi-arid,,"Latitude, -1.622451667, Longitude, 37.54090667°",,,,,1233,Farmyard manure(Cow manure) on maize/bean intercrop,Technical,Plot,Low soil fertility,Yes,"Farmers, Government extension, NGOs/CBOs, Government research organization",2,17,,"Growth, Yield (kg/ha), pest incidence and damage severity",No,,,https://hdl.handle.net/10568/169333,,Lisa Fuchs,"ABC, IITA, CIFOR-ICRAF","Hezekiah Korir, Peter Bolo, Beatrice Adoyo, Anne Kuria, Frederick Baijukya",DNRC,,,,,,,
Kenya,Makueni,Semi-arid,,"Latitude, -1.622451667, Longitude, 37.54090667°",,,,,1233,Terraces with napier on the edges  on maize/bean intercrop,Technical,Plot,Agricultural water shortage ,Yes,"Farmers, Government extension, NGOs/CBOs, Government research organization",2,17,,"Growth, Yield (kg/ha), pest incidence and damage severity",No,,,https://hdl.handle.net/10568/169333,,Lisa Fuchs,"ABC, IITA, CIFOR-ICRAF","Hezekiah Korir, Peter Bolo, Beatrice Adoyo, Anne Kuria, Frederick Baijukya",DNRC,,,,,,,
Kenya,Makueni,Semi-arid,,"Latitude, -1.622451667, Longitude, 37.54090667°",,,,,1233,Plant-based biopesticide (Neem) on maize/bean intercrop,Technical,Plot,Increase pest damage,Yes,"Farmers, Government extension, NGOs/CBOs, Government research organization",2,17,,"Growth, Yield (kg/ha), pest incidence and damage severity",No,,,https://hdl.handle.net/10568/169333,,Lisa Fuchs,"ABC, IITA, CIFOR-ICRAF","Hezekiah Korir, Peter Bolo, Beatrice Adoyo, Anne Kuria, Frederick Baijukya",DNRC,,,,,,,
Kenya,Makueni,Semi-arid,,"Latitude, -1.622451667, Longitude, 37.54090667°",,,,,1233,"Integration of Zai Pits with the farmyard manure, terraces and IPM",,Plot,Agricultural water shortage ,Yes,"Farmers, Government extension, NGOs/CBOs, Government research organization",1,51,,"Growth, Yield (kg/ha), pest incidence and damage severity",,,,https://hdl.handle.net/10568/169333,,Lisa Fuchs,"ABC, IITA, CIFOR-ICRAF","Hezekiah Korir, Peter Bolo, Beatrice Adoyo, Anne Kuria, Frederick Baijukya",DNRC,,,,,,,
Kenya,Makueni,Semi-arid,,"Latitude, -1.622451667, Longitude, 37.54090667°",,,,,1233,Multi-storey kitchen garden for vegetable production ,,Plot,Agricultural water shortage ,Yes,"Farmers, Government extension, NGOs/CBOs, Government research organization",1,51,,"Yield (kg/plot), quality, pest incidence and damage severity",,,,https://hdl.handle.net/10568/169333,,Lisa Fuchs,"ABC, IITA, CIFOR-ICRAF","Hezekiah Korir, Peter Bolo, Beatrice Adoyo, Anne Kuria, Frederick Baijukya",DNRC,,,,,,,
Kenya,"Kiambu, Makueni",Semi-arid,,,,,,,,"Livestock integration: adapting use of ethnoveterinary/herbal based approaches, rather than chemical-based veterinary medicines, to integrated pest and disease management",Socio-technical,Community,,In planning phase,,,,,,,,,,,Lisa Fuchs,"ABC, IITA, CIFOR-ICRAF","Peter Bolo, Hezekiah Korir, Beatrice Adoyo, Anne Kuria, Frederick Baijukya",DNRC,,,,,,,
Kenya,"Kiambu, Makueni",Semi-arid,,,,,,,,Integration of low-cost push-pull fodder for livestock feed and soil management,Technical,Field,,In planning phase,,,,,,,,,,,Lisa Fuchs,"ABC, IITA, CIFOR-ICRAF","Peter Bolo, Hezekiah Korir, Beatrice Adoyo, Anne Kuria, Frederick Baijukya",DNRC,,,,,,,
Kenya,Homabay (Western Kenya),Tropics,,,,,,,,Vegetable integrated push-pull,Technical,Plot,,Yes,,1,,,,,,,,,Lisa Fuchs,"ABC, ICIPE",,,,,,,,,
Kenya,"Kisumu, Vihiga", equatorial hot and humid ,,,,,,,1100-1400,Aggregated farms,Socio-technical,Community,Insufficient land; finance; economies of scale; spillover effects of IPM,Yes,"Farmers, Government stakeholders, CBOs, NGOs, Government research organization",2,168,,"Baseline household data (qualitative & quantitative), discrete choice experiments, transect walks",Yes ,"Circular bioeconomy, seedbanks",,https://hdl.handle.net/10568/159271,,Kristin Davis,"IFPRI, Alliance, IWMI, ICRISAT, IITA","Gloria Otieno, Lilian Anyango",,,,,,,,
Kenya,"Kisumu, Vihiga",Tropics,,,,,,,1131-1400,Soil Baseline in Kenya,Technical,Multiscale,"Low soil fertility; high input cost; low crop productivity, soil degradation, high pests and diseases infestation",Yes,NARS,2,,,"Baseline data on physical, chemical and biological properties of soil",No,,https://cgspace.cgiar.org/items/8e436951-eb64-42a0-9ab8-8facf38afb9b,,,Manoj Kaushal,"Alliance, IITA","Frederick Baijukya, Yosef Kidane, Carlo Fadda",KALRO,,,,,,,
Kenya,Machakos,Semi-arid,,"-1.6166009928411271, 37.1384797447741",,,,,1600,"Short-rotation bomas (temporary livestock enclosures, moved every 2-10 days)",Technical,Plot,"Low soil fertility, land degradation, GHG emissions, nutrient losses",Yes,Farm management,5,1,,"GHG emissions, nutrient leaching",No,,,,,Sonja Leitner,ILRI,"Ilona Gluecks, Nehemiah Kimengich",Kapiti Research Station,,,,,,,
Kenya,Machakos,Semi-arid,,"-1.6166009928411271, 37.1384797447741",,,,,1600,Early-stage rangeland restoration,Technical,Plot,"Land degradation, biodiversity loss",Yes,Farm management,0.5,1,,"Vegetation biodiversity, soil functions (penetrability, compaction, infiltration, soil biology, nutrient cycling)",No,,,,,Sonja Leitner,ILRI,"Ilona Gluecks, Nehemiah Kimengich",Kapiti Research Station,,,,,,,
Kenya,Nyando,Semi-humid,,"-0.2774311858424715, 35.00525902874702",,,,,1100,Early-stage rangeland restoration,Technical,Plot,"Land degradation, biodiversity loss",No,,4,1,,"Vegetation biodiversity, soil functions (penetrability, compaction, infiltration, soil biology, nutrient cycling)",No,,,,,Sonja Leitner,ILRI,,Thurgem farmer,,,,,,,
Kenya,Machakos,Semi-arid,,"-1.6166009928411271, 37.1384797447741",,,,,1600,Soil baseline,Technical,Farm,Background information for soil assessments and new experiments,No,,1,1,,"Soil carbon, nitrogen, pH, salinity, texture, CEC, cations, bulk density",No,,https://lancasteruni.maps.arcgis.com/apps/instant/attachmentviewer/index.html?appid=3391ae9ded6f414399ba206556ec873c,https://cgspace.cgiar.org/items/c66ba102-8005-4140-b15d-586952a2945c,,Sonja Leitner,ILRI,"Ilona Gluecks, Nehemiah Kimengich",Kapiti Research Station,,,,,,,
Kenya,Machakos,Semi-arid,,"-1.6166009928411271, 37.1384797447741",,,,,1600,Machine-learing based soil mapping via remote sensing,Technical,Farm,Digital Soil Mapping (DSM) of soil properties for modelling and decision support,No,,1,1,,"Soil carbon, nitrogen, EC, pH, cations",No,,,https://hdl.handle.net/10568/159654,,Ambica Paliwal,ILRI,Sonja Leitner,Kapiti Research Station,,,,,,,
Kenya,Machakos,Semi-arid,,"-1.6166009928411271, 37.1384797447741",,,,,1600,GHG emission factors for livestock enclosures (bomas),Technical,Farm,Need for country-specific GHG emissions data to support national GHG inventories and develop mitigation solutions,No,,1,1,,"N2O, CH4, CO2 emissions, manure deposition, nutrient loads",No,,,https://hdl.handle.net/10568/140666,,Sonja Leitner,ILRI,,Kapiti Research Station,,,,,,,
Kenya,Machakos,Semi-arid,,"-1.6166009928411271, 37.1384797447741",,,,,1600,Eddy Covariance towers for continous observations of CO2 and CH4 exchange from dryland systems (rangeland & cropland),Technical,Plot,Need for country-specific GHG emissions data to support national GHG inventories and develop mitigation solutions,No,,7,2,,"net ecosystem exchange of CO2, CH4, water, radiation",No,,,https://hdl.handle.net/10568/131760,,Sonja Leitner,ILRI,Vincent Odongo,Kapiti Research Station,,,,,,,
Kenya,Nyando,Semi-humid,,"-0.2774311858424715, 35.00525902874702",,,,,1100,Easy indicator for early-stage soil degradation monitoring,Technical,Plot,Lack of monitoring tools to detect land degradation before restoration becomes too expensive,No,,1,1,,"soil health parameters, vegetation biodiversity",No,,,,,Sonja Leitner,ILRI,,,,,,,,,
Kenya,"Baringo, Isiolo, Marsabit",Arid,,"Arid, semi-arid",,,,,,Restoration Co-Design (ReCoDe),Socio-technical,Community,"Rangeland degradation, weak knowledge on restoration, poor information on restoration success",Yes,"Producers, government extension, NGOs, CBOs",2,"Total 19,165; Female 8,918; Male 10,247",,"Rangeland condition, soil C and nutrients, bulk density, botanical",Yes ,Participatory rangeland management,,https://hdl.handle.net/10568/136022 https://hdl.handle.net/10568/136026,,Jason Sircely,,Fiona Flintan,"RECONCILE, Amref",,,,,,,
Laos,Attapeu,Tropical monsoon,,"Latitude, 14.742242, Longitude, 106.670637°",,,,,90.4,Policy innovation - Institutionalizing community water resources management,Socio-technical,Community,Lack of community ownership and governing machanism to sustainably manage ground water resources,Yes,"Village committee representing villagers, village authorities, Government agencies",1,9,,"No of plans implemented (crop cultivation plan, monitoring/cleaning/maintaining plans)",No,,,https://www.cgiar.org/news-events/news/iwmi-conducts-grassroots-consultation-on-irrigated-groundwater-management-in-lao-pdr/,,Viengxay Xaydala,IWMI,"Somphasith Douangsavanh, Souphalack Inphonephong",MAF,,,,,,,
Laos,B.Tamaleuy,Tropical monsoon,,"Latitude, 14.78860, Longitude, 106.74197",,,,,93.7,Solar groundwater irrigation,Socio-technical,Farm,water use efficiency and management,Yes,"Farmers, villages authorities, government agecies",1,8,,data for cost and benefit analysis  ,Yes,WP1,,https://hdl.handle.net/10568/159567,,Somphasith Douangsavanh,IWMI," Mathieu Viossanges, Viengxay Xaydala","IWMI, MAF",,,,,,,
Laos,B. Hom,Tropical monsoon,,"Latitude, 14.78123, Longitude, 106.73961",,,,,91.2,Solar groundwater irrigation,Socio-technical,Farm,water use efficiency and management,Yes,"Farmers, villages authorities, government agecies",1,9,,data for cost and benefit analysis  ,Yes,WP1,,https://hdl.handle.net/10568/159567,,Somphasith Douangsavanh,IWMI," Mathieu Viossanges, Viengxay Xaydala","IWMI, MAF",,,,,,,
Laos,B. Inthee,Tropical monsoon,,"Latitude, 14.74227, Longitude, 106.67276",,,,,90.4,Solar groundwater irrigation,Socio-technical,Farm,water use efficiency and management,Yes,"Farmers, villages authorities, government agecies",1,10,,data for cost and benefit analysis  ,Yes,WP1,,https://hdl.handle.net/10568/159567,,Somphasith Douangsavanh,IWMI," Mathieu Viossanges, Viengxay Xaydala","IWMI, MAF",,,,,,,
Laos,B. Donephay,Tropical monsoon,,"Latitude, 14.73331, Longitude, 106.63947",,,,,104.5,Solar groundwater irrigation,Socio-technical,Farm,water use efficiency and management,Yes,"Farmers, villages authorities, government agecies",1,18,,data for cost and benefit analysis  ,Yes,WP1,,https://hdl.handle.net/10568/159567,,Somphasith Douangsavanh,IWMI," Mathieu Viossanges, Viengxay Xaydala","IWMI, MAF",,,,,,,
Laos,B. Donemouang,Tropical monsoon,,"Latitude 14.44,50.14""N, Longtitude, 106.32'55.77E",,,,,311,Integrated Rice-Fish Culture,Socio-technical,Plot,"to improve farmers' food, nutritional and economic security",Yes,"Farmer, villages authorities, governemnt agencies",1,1,,data for cost and benefit analysis  ,Yes,WP1,,https://hdl.handle.net/20.500.12348/5983,,Viengxay Xaydala,IWMI,"Amala, Somphasith and Souphalack","IWMI, MAF, WF",,,,,,,
Laos,B. Donemouang,Tropical monsoon,,"Latitude 14.44,49.00""N, Longtitude, 106.32'56.10E",,,,,308,Integrated Rice-Fish Culture,Socio-technical,Plot,"to improve farmers' food, nutritional and economic security",Yes,"Farmer, villages authorities, governemnt agencies",1,1,,data for cost and benefit analysis  ,Yes,WP1,,https://hdl.handle.net/20.500.12348/5983,,Viengxay Xaydala,IWMI,"Amala, Somphasith and Souphalack","IWMI, MAF, WF",,,,,,,
Laos,B. Donemouang,Tropical monsoon,,"Latitude 14.44'08.29""N, Longtitude, 106.33'01.77E",,,,,297,Integrated Rice-Fish Culture,Socio-technical,Plot,"to improve farmers' food, nutritional and economic security",Yes,"Farmer, villages authorities, governemnt agencies",1,1,,data for cost and benefit analysis  ,Yes,WP1,,https://hdl.handle.net/20.500.12348/5983,,Viengxay Xaydala,IWMI,"Amala, Somphasith and Souphalack","IWMI, MAF, WF",,,,,,,
Laos,B. Donemouang,Tropical monsoon,,"Latitude 14.44,46.25""N, Longtitude, 106.33'01.05E",,,,,303,Integrated Rice-Fish Culture,Socio-technical,Plot,"to improve farmers' food, nutritional and economic security",Yes,"Farmer, villages authorities, governemnt agencies",1,1,,data for cost and benefit analysis  ,Yes,WP1,,https://hdl.handle.net/20.500.12348/5983,,Viengxay Xaydala,IWMI,"Amala, Somphasith and Souphalack","IWMI, MAF, WF",,,,,,,
Laos,B. Donemouang,Tropical monsoon,,"Latitude 14.44,40.84""N, Longtitude, 106.33'01.53E",,,,,305,Integrated Rice-Fish Culture,Socio-technical,Plot,"to improve farmers' food, nutritional and economic security",Yes,"Farmer, villages authorities, governemnt agencies",1,1,,data for cost and benefit analysis  ,Yes,WP1,,https://hdl.handle.net/20.500.12348/5983,,Viengxay Xaydala,IWMI,"Amala, Somphasith and Souphalack","IWMI, MAF, WF",,,,,,,
Laos,B. Donemouang,Tropical monsoon,,"Latitude 14.44,09.69""N, Longtitude, 106.33'01.16E",,,,,294,Integrated Rice-Fish Culture,Socio-technical,Plot,"to improve farmers' food, nutritional and economic security",Yes,,1,1,,data for cost and benefit analysis  ,Yes,WP1,,https://hdl.handle.net/20.500.12348/5983,,Viengxay Xaydala,IWMI,"Amala, Somphasith and Souphalack","IWMI, MAF, WF",,,,,,,
Laos,B. Home and Tamorleuy,Tropical monsoon,,"Latitude 14.46,57.96 N, Longtitude, 106.44'32.59E",,,,,294,Wetland management,Socio-technical,Plot,to improve ecosystem service,yes,"Farmer, villages authorities, governemnt agencies",1,1,,data collection of fucntioning of wetland management,Yes,WP1,,,,Viengxay Xaydala,IWMI,Kosal Nam,"IWMI, WF, MAF",,,,,,,
Laos,B. Hom,Tropical monsoon,,"Latitude, 14.7866338, Longitude, 106.7414679",,,,,.,Soil Improvement (Legumes ),Socio-technical,Plot,to enhance farmers' capacity for sustainable soil management,Yes,"Farmers, villages authorities, government agecies",1,1,,data for soil analysis and cost-benefit analysis  ,Yes,WP1,,https://hdl.handle.net/10568/169818,,Ammala Chanthalath,IWMI,Florine Degune,"IWMI, CIRAD, MAF",,,,,,,
Laos,B. Hom,Tropical monsoon,,"Latitude, 14.780317, Longitude, 106.740277",,,,,.,Soil Improvement (Legumes ),Socio-technical,Plot,to enhance farmers' capacity for sustainable soil management,Yes,"Farmers, villages authorities, government agecies",1,1,,data for soil analysis and cost-benefit analysis  ,Yes,WP1,,https://hdl.handle.net/10568/169818,,Ammala Chanthalath,IWMI,Florine Degune,"IWMI, CIRAD, MAF",,,,,,,
Laos,B.Tamaleuy,Tropical monsoon,,"Latitude, 14.783925, Longitude, 106.746901",,,,,.,Soil Improvement (Legumes ),Socio-technical,Plot,to enhance farmers' capacity for sustainable soil management,Yes,"Farmers, villages authorities, government agecies",1,1,,data for soil analysis and cost-benefit analysis  ,Yes,WP1,,https://hdl.handle.net/10568/169818,,Ammala Chanthalath,IWMI,Florine Degune,"IWMI, CIRAD, MAF",,,,,,,
Laos,10 villages,Tropical monsoon,,"Latitude, 14.741779, Longitude, 106.672198",,,,,.,Soil analysis (Soil samples),Socio-technical,Field,result of soil analysis (low OM&sandy),Yes,"Farmers, villages authorities, government agecies",1,219,,data for soil analysis ,Yes,WP1,,https://hdl.handle.net/10568/173047,,Ammala Chanthalath,IWMI,Florine Degune,"IWMI, CIRAD, MAF",,,,,,,
Laos,B. Inthee,Tropical monsoon,,"Latitude, 14.7431849, Longitude, 106.673218",,,,,.,Greenhoues vegetables farming integrated with ducks raising,Socio-technical,small-scale farmer,sustainable agriculture,Yes,"Farmers, villages authorities, government agecies",1,4,,Cost - benefit analysis,Yes,WP1,,https://hdl.handle.net/10568/173047,,Ammala Chanthalath,IWMI,Viengxay,IWMI,,,,,,,
Laos,B. Donephay,Tropical monsoon,,"Latitude, 14.7100503, Longitude, 106.6570596",,,,,.,Greenhoues vegetables farming integrated with ducks raising,Socio-technical,small-scale farmer,sustainable agriculture,Yes,"Farmers, villages authorities, government agecies",1,3,,Cost - benefit analysis,Yes,WP1,,https://hdl.handle.net/10568/173047,,Ammala Chanthalath,IWMI,Viengxay,IWMI,,,,,,,
Laos,B. Donemouang,Tropical monsoon,,"Latitude, 14.7391611, Longitude, 106.5511388",,,,,.,Greenhoues vegetables farming integrated with ducks raising,Socio-technical,small-scale farmer,sustainable agriculture,Yes,"Farmers, villages authorities, government agecies",1,1,,Cost - benefit analysis,Yes,WP1,,https://hdl.handle.net/10568/173047,,Ammala Chanthalath,IWMI,Viengxay,IWMI,,,,,,,
Laos,B. Dongbarkmai,Tropical monsoon,,"Latitude, 14.6909984, Longitude, 106.5524897",,,,,.,Greenhoues vegetables farming integrated with ducks raising,Socio-technical,small-scale farmer,sustainable agriculture,Yes,"Farmers, villages authorities, government agecies",1,2,,Cost - benefit analysis,Yes,WP1,,https://hdl.handle.net/10568/173047,,Ammala Chanthalath,IWMI,Viengxay,IWMI,,,,,,,
Laos,B. Donesoung,Tropical monsoon,,"Latitude, 14.7050776, Longitude, 106.6448167",,,,,.,Greenhoues vegetables farming integrated with ducks raising,Socio-technical,small-scale farmer,sustainable agriculture,Yes,"Farmers, villages authorities, government agecies",1,2,,Cost - benefit analysis,Yes,WP1,,https://hdl.handle.net/10568/173047,,Ammala Chanthalath,IWMI,Viengxay,IWMI,,,,,,,
Peru,Whole country,Temperate,,"7.1617° S, 78.5128° W to 18.0068° S, 70.2460° W",,,,,3000-4200,In-situ conservation toolbox,Technical,Multiscale,Landrace level conservation monitoring,Yes,"Conservation practitioners, NGO's, NARI, farmer groups",>5,5000,,"Genetic fingerprints, qualitative and quantitative red lists, landraces catalogues, landrace distribution maps",Yes ,Toolkit,,INICIO -,,Stef de Haan,CIP,Israel Navarrete,"INIA, multiple NGO'S",,,,,,,
Peru,Whole country,,,,,,,,,Platform Wikipapa,Technical,Multiscale,Landrace level conservation monitoring,Yes,"Conservation practitioners, NGO's, farmer groups, Stakeholders",3,5000,,"Landraces catalogues,  Brief interviews with farmers",No,,,https://wikipapa.org/inicio,,Stef de Haan,CIP,Vilma Hualla,"Metrika group, multiple NGO'S",,,,,,,
Peru,Amazon,Tropical,,,,,,,,Cacao Diversity,Technical,Plot,"Preserving and improving cacao genetic diversity in the face of climate change, pests and diseases. Low capacity of cacao systems for climate change adaptation in South America",Yes,"Ministry of Agriculture, INIA, SENASA, Norandino, APP Cacao, Helvetas, Rikolto, etc. ",1,,,,,,,https://cacaodiversity.org/how-does-it-work/,AoW2/AoW3/AoW5,Evert Thomas,Alliance Bioversity CIAT,,"Farmers cooperatives, Government institution",,,,,,,
Peru,Amazon & Dry forest,Tropical & Dry,,,,,,,,Diversity for restoration,Technical,Landscape,Decision-making for restoration of degraded land integrating climate change scenarios,Yes,"Ministry of Agriculture, SERFOR, National University of Piura, Nature and Culture International, KU Leuven",2,,,,,,,https://www.diversityforrestoration.org/,AoW2/AoW3/AoW5,Evert Thomas,Alliance Bioversity CIAT,,,,,,,,,
Peru,Agroforestry corridor Ucayali,Tropical,,,,,,,300,Homegardens to enhance food security for cacao farming families,Socio-technical,Farm,"Economic vulnerability, limited diversification, food security iddues, knowledge gap, sustainability concerns (preserving local biodiversity and ecological practices), lack of diversification",Yes,"Farmers, NGO",1,10,,"MSC, # species introduced, benefits, knowledge",Y,Resilient cacao farming systems,,https://reporting.cgiar.org/reports/result-details/17818?phase=4,AoW5,Maria Claudia Tristán,Alliance Bioversity CIAT,José Sánchez,Agrosalud Ucayali,,,,,,,
Peru,Agroforestry corridor Ucayali,Tropical,,,,,,,300,Biological treatments for the prevention of moniliasis in aromatic cocoa and cocoa CCN51,Technical,Field,"Loss of cacao production due to high incidence of moniliasis, high costs of ineffective trearments, limited data available to know the effectiveness of treatments",Yes,"Cooperatives, farmers",2,8,,"Cacao yield (kg/ha), % healthy and diseased ripe ears/tree; incidence of moniliasis; external severity due to moniliasis; Cost-Benefit",Y,Resilient cacao farming systems,https://hdl.handle.net/10568/168305,https://reporting.cgiar.org/reports/result-details/8730?phase=4,AoW3,José Sánchez,Alliance Bioversity CIAT,,"Cooperativa Banaqui Curimaná, Cooperativa Colpa de Loros",,,,,,,
Peru,Agroforestry corridor Ucayali,Tropical,,,,,,,300,Biofertilizers to improve yields os CCN51 cacao ,Technical,Field,Limited data available to know the effectiveness of biofertilizers for cacao CCN51,Yes,"Cooperatives, farmers",2,5,,"Cacao yield (kg/ha), % healthy and diseased ripe ears/tree; incidence of moniliasis; external severity due to moniliasis; Cost-Benefit",Y,Resilient cacao farming systems,https://hdl.handle.net/10568/168305,https://reporting.cgiar.org/reports/result-details/10258?phase=4,AoW3,José Sánchez,Alliance Bioversity CIAT,,Cooperativa Banaqui Curimaná,,,,,,,
Peru,Ucayali,Tropical,,"-8.392862, -74.582619 ",,,,,300,Institutional arrangement for the certification of agroecological farmers under the Participatory Guarantee System (PGS),Socio-economic,Sub-national,Lack of institutional arrangement for the certification of small ecological farmers and their insertion in local markets,Yes,"Government stakeholders, NGO, farmers organizations, NAR",2,,,,No,,,,AoW3/AoW4,Maria Claudia Tristán,Alliance Bioversity CIAT,José Sánchez,"Agrosalud Ucayali, Dirección Regional de Agricultura, INIA",,,,,,,
Senegal,Fatick,Semi-arid,,,,,,,,Fodder demo-plot and Manure-pit in dairy farms,Technical,Farm,"Low dairy cows yields, and low soil fertility",Yes,Dairy farmers,2,50,,Milk production (kgMilk/cow); Manure production (kgMS/farm),No,,,,AoW3,Ollo Sib,CIRAD,Eric Vall,ISRA,,,,,,,
Senegal,Fatick,Semi-arid,,,,,,,,Advisory for smart dairy cows diets with a digital tool (Jabnde),,Farm,Poor diets limiting milk production,Yes,Dairy farmers and agricultural advisers,2,50,,"Dairy cows diets (energy and protein requirements coverage, ration costs, CH4 emissions)",No,,,,AoW3,Ollo Sib,CIRAD,Eric Vall,ISRA,,,,,,,
Senegal,Fatick,Semi-arid,,,,,,,,Advisory for smart management of farm coproducts with a digital tool (CPS),,,Poor use of co-products in fodder storage and manure production,Yes,Dairy farmers and agricultural advisers,2,50,,"Use rate of co-products, farm need coverage for fodder manure and mulch requirements",No,,,,AoW3,Ollo Sib,CIRAD,Eric Vall,ISRA,,,,,,,
Senegal,Fatick,Semi-arid,,,,,,,,Millet-cowpea intercropping systems with organic fertilizer,Technical,Field,"Low crop yields, low soil fertility, low fodder availability",Yes,"Farmers, Government extension, NGOs/CBOs, Government research organization",3,60,,"Grain and biomass yields, soil analysis (carbon, nitrogen, PH, Phosphorus)",No,,,https://agritrop.cirad.fr/611637/,,Moussa N'Diénor,"CIRAD, ISRA","Patrice Kouakou, Farma Ndiaye, Banna Mbaye",ENDA Pronat,,,,,,,
Senegal,Fatick,Semi-arid,,,,,,,,Groundnut-cowpea intercropping systems with organic fertilizer,Technical,Field,"Low crop yields, low soil fertility, low fodder availability",Yes,"Farmers, Government extension, NGOs/CBOs, Government research organization",3,20,,"Grain and biomass yields, soil analysis (carbon, nitrogen, PH, Phosphorus)",No,,,https://agritrop.cirad.fr/611637/,,Moussa N'Diénor,"CIRAD, ISRA","Patrice Kouakou, Farma Ndiaye, Banna Mbaye",ENDA Pronat,,,,,,,
Senegal,Fatick,Semi-arid,,,,,,,,Advisory for farm management with farming system model,Socio-economic,Farm,"Decisison support tool, evidences at farm level",Yes,"Farmers, Government extension, NGOs/CBOs, Government research organization",1,10,,"agronomic (grain, forage), social (nutrition, labor), economic and environment (nitrogen balance)",No,,,https://agritrop.cirad.fr/611637/,,Patrice Kouakou,"CIRAD, ISRA","Moussa N'Diénor, Farma Ndiaye, Banna Mbaye",ENDA Pronat,,,,,,,
Senegal,Fatick,Semi-arid,,,,,,,,Recovery of salty soils,Socio-technical,Field,High level of salinity of soils,Yes,"Farmers, Government extension, NGOs/CBOs, Government research organization",3,10,,Glocal and specific impacts of the regeneration,No,,,https://agritrop.cirad.fr/611638/,AoW2,Marième Ba,"CIRAD, ISRA","Marc Piraux, Tamsir Mbaye ",ISRA,,,,,,,
Senegal,Fatick,Semi-arid,,,,,,,,A conceptual model of organic matter flows,Socio-technical,Lanscape,Low soil fertility,Yes,"Farmers, Government extension, NGOs/CBOs, Government research organization",1,18,,Perception of farmers and datas in farms and landscape to construct the model for organic flows,No,,,https://agritrop.cirad.fr/611638/,AoW2,Jean Pierre Muller,CIRAD,M Piraux,Cirad,,,,,,,
Senegal,Fatick,Semi-arid,,,,,,,,Modelling Agroecological Transitions in Soudano-Sahelian Agro-Sylvo-Pastoral Territories: Promoting Agro-Landscape Transformation,Socio-technical,Lanscape,"degradation of wooded park, Low crop yields, low soil fertility, low fodder availability",Yes,"Farmers, Government extension, NGOs/CBOs, Government research organization",1,16,,"Simulation of Agents for Fertility, Integrated Energy, Food security, and Reforestation",No,,,https://agritrop.cirad.fr/611424/,AoW2,Etienne Delay,CIRAD,Jd Cesaro,DYTAEL,,,,,,,
Tanzania ,Kiteto district (landscape to be agreed),Semi-arid,,,,,,,,Participatory rangeland management ,Socio-technical,Community ,"Weakened governance, land degradation, need for improving productivity and health of land",Yes,"Farmers, Government stakeholders, CBOs, NGOs, Government research organization",6,"4,000",,Qualitative MELIA study in 2021. Currently collecting info on governance representation. ,Yes,Participatory rangeland management,,https://hdl.handle.net/10568/173807,,Fiona  Flintan,ILRI,"Jason Sircely, Birikaa Olesikilal","KINNAPA (NGO), Ministry of Livestock and Fisheries",,,,,,,
Tanzania ,Kiteto district (landscape to be agreed),Semi-arid,,,,,,,,Joint village land use planning ,Socio-technical,Landscape,"Ensuring shared communal lands (forests, grazing, conservation areas) are kept and managed intact across village boundaries when normal village land use planning is undertaken.  Land use conflicts",Yes,"National Land Use Planning Commission, Ministry of Livestock and Fisheries Development, district council, local NGOs, and communities",8,"4,000",,Qualitative MELIA study in 2021. Currently collecting info on governance representation. ,Yes,Participatory land use planning in pastoral areas,,https://hdl.handle.net/10568/125373,AOW2,Fiona  Flintan,ILRI,Birikaa Olesikilal,"National Land Use Planning Commission, Ministry of Livestock and Fisheries Development, district council, local NGOs, and communities",,,,,,,
Tanzania ,"Manyara, Morogoro, Pwani",Semi-arid,,"Semi-arid, sub-humid",,,,,,Restoration Co-Design (ReCoDe),Socio-technical,Community,"Rangeland degradation, weak knowledge on restoration, poor information on restoration success",Yes,"Producers, government extension, NGOs, CBOs",2,"Total 19,165; Female 8,918; Male 10,247",,"Rangeland condition, soil C and nutrients, bulk density, botanical",Yes ,Participatory rangeland management,,,,Jason Sircely,,Fiona Flintan,KINNAPA (NGO),,,,,,,
Tunisia,Chahda,Semi-arid,,"Latitude, 36.456637°,  Longitude, 10.227555°",,,,,500,Sulla forage legume species,Technical,Landscape,Reducing feeding gap,Yes,"Silvopastoralists, farmers, government agencies, NGOs/CBOs, local universities",5,40,,"Biomass (kg/ha), Diversity, Density (plants/m²), Species richness, Stocking rate.",Yes,,,https://hdl.handle.net/10568/139326,AoW2,Mounir Louhaichi,ICARDA,"Sawsan Hassan, Azaiez O. Belgacem","DGF, OEP",,,,,,,
Tunisia,Chahda,Semi-arid,,"Latitude, 36.456637°,  Longitude, 10.227555°",,,,,500,Promoting native multi-purpose species,Technical,Landscape,Silvopastoral degradation,Yes,"Silvopastoralists, farmers, government agencies, NGOs/CBOs, local universities",2,,,"Biomass (kg/ha), Diversity, Density (plants/m²), Species richness, Stocking rate.",Yes,,,https://hdl.handle.net/10568/162673,AoW2,Mounir Louhaichi,ICARDA,"Azaiez O. Belgacem, Hassan Sawsan","DGF, OEP",,,,,,,
Tunisia,Mednine,Arid,,"Latitude,10.667° E, Longitude, 32.133° N",,,,,252,Opportunistic grazing,Technical,National,degraded pastoral systems,Yes,"Pastoralists, farmers, government agencies, NGOs/CBOs",4,,,"Biomass (kg/ha), Diversity, Density (plants/m²), Species richness, Stocking rate.",Yes ,,,https://hdl.handle.net/10568/162675,AoW2,Mounir Louhaichi,ICARDA,"Azaiez O. Belgacem, ","DGF, OEP",,,,,,,
Tunisia,Zaghouan,Semi-arid,,Latitude: 36.4019° N; Longitude: 9.5222° E,,,,,600,SRM toolkit,Socio-technical,Landscape,Sustainable restoration of degraded rangelands,Yes,"IUCN, experts in the field, national research institutions, government agencies",3,,,Differnt parameters related to the implemnted technomlogy ,,,,https://hdl.handle.net/10568/135767,"Aow2, AoW4, AoW7",Mounir Louhaichi,ICARDA,"Azaiez O. Belgacem, Hassan Sawsan",,,,,,,,
Tunisia,"Douz, Kebili",arid,,"Latitude, 33.4564 N , Longitude 9.0247 E",,,,,50,Feed pellets with local materiel,Socio-technical,Community,Feed shortage,Yes,"Farmers, Government extension, CBOs, Government research organization, private sector",5,15,,Production/yr and income generation ,,,,https://handle.net/10569/116752 ; https://handle.net/20.500.11766/67922,"AoW2, AoW3",Udo Rudiger,ICARDA, Boubaker Dhehibi,"OEP, INRAT, INAT, IRA-M, Juhaina",,,,,,,
Tunisia,"Hammam Biadha, Siliana",Semi-arid,,Latitude: 35.0990° N; Longitude: 9.1420 E,,,,,750,Biochar,Technical,Community,Low soil fertility; high input cost,Yes,"Farmers, Government extension, CBOs, Government research organization",2,10,,"Yield (kg/ha),disease incidence",Yes,Compost,,  https://hal.science/hal-04441192/,AoW2,Yassine Hidri,ICARDA,"Udo Rudiger, Aymen Frija","Olive Institute, INRAT",,,,,,,
Tunisia ,"Rhahla, Siliana",Semi-arid,,Latitude: 36.0633° N; Longitude: 9.4233° E,,,,,500,Forage mixtures,Technical,Community,"Feed shortage, low soil fertility",Yes,"Farmers, Government extension, CBOs, Government research organization",5,100,,"Yield (kg/ha), Biomass (Kg/ha)",Yes,animal health,,https://hdl.handle.net/10568/168600; https://hdl.handle.net/20.500.11766/69439,,,,,,,,,,,,
Tunisia ,"Kesra, Siliana",Semi-arid,,Latitude): 36.1894° N ; Longitude: 9.2181° E,,,,,700,Biofertilizer Rhizobia,Technical,Plot,Low soil fertility; high input cost,Yes,"Farmers, Government extension, CBOs, Government research organization",2,10,,"Yield (kg/ha), Biomass (Kg/ha)",Yes,Sulla,,https://hdl.handle.net/20.500.11766/69016,AoW2,Imen Hemissi,ICARDA,"Udo Rudiger, Aymen Frija",INRAT,,,,,,,
Tunisia ,"Sers, Kef
Rhahla, Siliana",Semi-arid,,"Sers: Latitude: 36° 4' 60.00"" N; Longitude: 9° 0' 60.00"" E
Rhahla: Latitude: 36.0633° N; Longitude: 9.4233° E",,,,,500,Integrated Herd-Health Package that accounts for Animal Welfare,Technical,Community,"Common diseases in small ruminants (infectious, parasitic, and metabolic); Poor flock management; Poor animal welfare practices",Yes,Farmers; Government extension; Government research institutions; Private veterinarian sector; Farmers' cooperatives,2,18,,"Reproductive performance (Pregnancies, births, litter size); Disease occurence; Animal liveweight; Body condition score ",Yes ,Agroecological transition of crop-livestock systems in semi-arid areas ,https://dtreo.io/,"https://hdl.handle.net/20.500.11766/69439
https://hdl.handle.net/10568/169351",AoW2,Mourad Rekik,ICARDA,Ons Tebourbi; Amal Mannai,Office de l'élevage et des Pâturages - Ministry of Agriculture (OEP); Farmers' cooperatives,,,,,,,
Tunisia ,"Sers, Kef
Rhahla, Siliana",Semi-arid,,"Sers: Latitude: 36° 4' 60.00"" N; Longitude: 9° 0' 60.00"" E
Rhahla: Latitude: 36.0633° N; Longitude: 9.4233° E",,,,,500,Grazing Local Mixed Forages to Improve Sheep Fertility,Technical,Farm,High costs of livestock feed; Decreased flock fertility; Circularity of farming practices,Yes,Farmers; Government extension; Government research institutions; Farmers' cooperatives,1,3,,"Reproductive performances (Pregnancies, births, litter size); Metabolic profile (BHB and NEFA); Body condition score 
Biomass (T/ha); Nutritional value (TPM, DNM)",Yes ,Agroecological transition of crop-livestock systems in semi-arid areas ,,"https://hdl.handle.net/20.500.11766/69752
https://hdl.handle.net/10568/169858",AoW2,Mourad Rekik,ICARDA,Ons Tebourbi; Amal Mannai,Office de l'élevage et des Pâturages - Ministry of Agriculture (OEP); Farmers' cooperatives,,,,,,,
Tunisia ,"Kef, Siliana, Beja, Bizerte, Zaghouan, Jendouba, Kairouan, Kasserine",Semi-arid,,"Beja: Latitude: 36.7333° N; Longitude: 9.1833° E ; Bizerte: Latitude: 37.2760° N, Longitude: 9.8730° E, Zaghouan: Latitude: 36.4019° N; Longitude: 9.5222° E; Jendouba: Latitude: 36.5000° N , Longitude: 8.7800° E",,,,,100 - 500,Non-Invasive Hormone-Free Sustainable Management of Reproduction in Small Ruminants ,Technical,National,Environmental concerns about hormone-based treatments; Increased presence of unproductive GHG-emitting animals; Increased costs of inputs in livestock,Yes,Farmers; Government extension; Government research institutions; Private veterinarian sector; Farmers' cooperatives,>5,,,"Reproductive performance (Pregnancies, births, litter size, lambing/kidding intervals)",Yes ,Agroecological transition of crop-livestock systems in semi-arid areas ,,"https://hdl.handle.net/10568/169352
https://hdl.handle.net/10568/159635",AoW3,Mourad Rekik,ICARDA,Ons Tebourbi; Mariem Rouatbi; Imen Ben Salem ,Office de l'élevage et des Pâturages - Ministry of Agriculture (OEP); Farmers' cooperatives,,,,,,,
Tunisia ," Kef, Beja
, Siliana, Bizerte",Semi-arid,,"Siliana : Latitude: 36.0633° N; Longitude: 9.4233° E; Beja:  Latitude: 36.7333° N; Longitude: 9.1833° E; Kef: Latitude: 36.1700° N, Longitude: 8.7133° E",,,,,100 - 500,Conservation Agriculture,Technical,Landscape,"Water scarcity, soil degradation, low yields",Yes,"Farmers, Government extension, CBOs, Government research organization",10,500,,"Yield (kg/ha), Biomass (Kg/ha), soil erosion, WUE, soil organic matter",Yes ,"Forage based crop rotation, stubble management, herd health management",,"https://hdl.handle.net/20.500.11766/12366 ; https://hdl.handle.net/20.500.11766/69439
",AoW2,Mourad Rekik,ICARDA,"Aymen Frija, Boubaker Dhehibe, Zied Idoudi, Udo Rudiger","OEP. INRAT, INGC",,,,,,,
Tunisia ,"Kef, Siliana",Semi-arid,,"Kef: Latitude: 36.1700° N, Longitude: 8.7133° E ; Siliana : Latitude: 36.0633° N; Longitude: 9.4233° E;",,,,,100,Small scale mechanization,Socio-technical,Community,animal feed; soil fertility; lack of forage seeds,Yes,"Farmers, Government extension, CBOs, Government research organization",5,100,,income of CBO ,Yes ,animal health,,  https://hdl.handle.net/10568/116680; https://hdl.handle.net/10568/116751; https://hdl.handle.net/10568/116748,"AoW2, AoW3",Udo Rudiger,ICARDA,"Boubaker Dhehibi, Zied Idoudi",OEP. INRAT,,,,,,,
Vietnam,Mai Son (Son La),Highlands,,"21.1219° N, 104.0537° E",,,,,704,In-situ conservation toolbox,Technical,Multiscale,Lack of baseline for monitoring changes in species and varietal richness over time,Yes,"Conservation practitioners, NGO's, NARI, farmer groups",>5,5000,,"Genetic fingerprints, qualitative and quantitative red lists, landraces catalogues, landrace distribution maps",Yes ,Toolkit,"https://data.cipotato.org/dataset.xhtml?persistentId=doi:10.21223/WSNXID
https://data.cipotato.org/dataset.xhtml?persistentId=doi:10.21223/XW8A1D
https://data.cipotato.org/dataset.xhtml?persistentId=doi:10.21223/6EKR4X",https://rikuy-agrobio.org/,AoW3,Stef de HAAN,CIP,Diego Naziri,Plant Resources Center (PRC),,,,,,,
Vietnam,Sa Pa (Lao Cai),Highlands,,"22.3364° N, 103.8438° E",,,,,1600,In-situ conservation toolbox,Technical,Multiscale,Lack of baseline for monitoring changes in species and varietal richness over time,Yes,"Conservation practitioners, NGO's, NARI, farmer groups",>5,5000,,"Genetic fingerprints, qualitative and quantitative red lists, landraces catalogues, landrace distribution maps",Yes ,Toolkit,"https://data.cipotato.org/dataset.xhtml?persistentId=doi:10.21223/WSNXID
https://data.cipotato.org/dataset.xhtml?persistentId=doi:10.21223/XW8A1D
https://data.cipotato.org/dataset.xhtml?persistentId=doi:10.21223/6EKR4X",https://rikuy-agrobio.org/,AoW3,Stef de HAAN,CIP,Diego Naziri,Plant Resources Center (PRC),,,,,,,
Vietnam,Mai Son (Son La),Highlands,,"21.1219° N, 104.0537° E",,,,,704,"Varietal cataloging (banana, taro, mustard green, pumpkin)",Technical,Multiscale,Limited knowledge of native varietal diversity ,Yes,"Conservation practitioners, NGO's, NARI, farmer groups",>5,,,,Yes ,Toolkit,https://hdl.handle.net/10568/163391,https://rikuy-agrobio.org/,AoW3,Stef de HAAN,CIP,Diego Naziri,Plant Resources Center (PRC),,,,,,,
Vietnam,Sa Pa (Lao Cai),Highlands,,"22.3364° N, 103.8438° E",,,,,1600,"Varietal cataloging (banana, taro, mustard green, pumpkin)",Technical,Multiscale,Limited knowledge of native varietal diversity ,Yes,"Conservation practitioners, NGO's, NARI, farmer groups",>5,,,,Yes ,Toolkit,https://hdl.handle.net/10568/163416,https://rikuy-agrobio.org/,AoW3,Stef de HAAN,CIP,Diego Naziri,Plant Resources Center (PRC),,,,,,,
Vietnam,Mai Son (Son La),Highlands,,"21.1219° N, 104.0537° E",,,,,704,"Recipebook (banana, taro, mustard green, pumpkin)",Socio-technical,Multiscale,Limited knowledge of traditional use of local species,Yes,"Conservation practitioners, NGO's, NARI, farmer groups",>5,,,,Yes ,Toolkit,https://hdl.handle.net/10568/163360,https://rikuy-agrobio.org/,AoW3,Stef de HAAN,CIP,Diego Naziri,Plant Resources Center (PRC),,,,,,,
Vietnam,Sa Pa (Lao Cai),Highlands,,"22.3364° N, 103.8438° E",,,,,1600,"Recipebook (banana, taro, mustard green, pumpkin)",Socio-technical,Multiscale,Limited knowledge of traditional use of local species,Yes,"Conservation practitioners, NGO's, NARI, farmer groups",>5,,,,Yes ,Toolkit,https://hdl.handle.net/10568/163388,https://rikuy-agrobio.org/,AoW3,Stef de HAAN,CIP,Diego Naziri,Plant Resources Center (PRC),,,,,,,
Vietnam,Mai Son (Son La),Highlands,,"21.1219° N, 104.0537° E",,,,,704,Genetic gap analyses of taro,Technical,Multiscale,Limited knowledge of gaps between in- and ex-situ populations ,Yes,"NARI, Universities",>5,,,Genotyping by sequencing (GBS) ,Yes ,Toolkit,https://data.cipotato.org/dataset.xhtml?persistentId=doi:10.21223/WRJC8Z,,,Stef de HAAN,CIP,Diego Naziri,Plant Resources Center (PRC),,,,,,,
Vietnam,Sa Pa (Lao Cai),Highlands,,"22.3364° N, 103.8438° E",,,,,1600,Genetic gap analyses of taro,Technical,Multiscale,Limited knowledge of gaps between in- and ex-situ populations ,Yes,"NARI, Universities",>5,,,Genotyping by sequencing (GBS) ,Yes ,Toolkit,https://data.cipotato.org/dataset.xhtml?persistentId=doi:10.21223/WRJC8Z,,,Stef de HAAN,CIP,Diego Naziri,Plant Resources Center (PRC),,,,,,,
Vietnam,Mai Son (Son La),Highlands,,"21.1219° N, 104.0537° E",,,,,704,i-Naturalist App use in education,Socio-technical,Community,Lack of awareness about agrobiodiversity,Yes,"Conservation practitioners, NGO's, NARI, farmer groups",>5,,,Interspecific and intraspecific agrobiodiversity,,,"https://hdl.handle.net/10568/163720
https://hdl.handle.net/10568/163685
https://cgiar-my.sharepoint.com/:w:/g/personal/d_naziri_cgiar_org/ESZHHgP88-VMuS2psqhr4lABTHMnrL876lMZKWrPio84kg?e=4qW6Nf",https://www.inaturalist.org/,,Stef de HAAN,CIP,Diego Naziri,"Plant Resources Center (PRC), ICERD, School staff",,,,,,,
Vietnam,Sa Pa (Lao Cai),Highlands,,"22.3364° N, 103.8438° E",,,,,1600,i-Naturalist App use in education,Socio-technical,Community,Lack of awareness about agrobiodiversity,Yes,"Conservation practitioners, NGO's, NARI, farmer groups",>5,,,Interspecific and intraspecific agrobiodiversity,,,"https://hdl.handle.net/10568/163720
https://hdl.handle.net/10568/163685
https://cgiar-my.sharepoint.com/:w:/g/personal/d_naziri_cgiar_org/ESZHHgP88-VMuS2psqhr4lABTHMnrL876lMZKWrPio84kg?e=4qW6Nf",https://www.inaturalist.org/,,Stef de HAAN,CIP,Diego Naziri,"Plant Resources Center (PRC), ICERD, School staff",,,,,,,
Vietnam,Mai Son (Son La),Highlands,,"21.1219° N, 104.0537° E",,,,,704,Mainstreaming of agrobiodiversity in ethnic minority schools,Socio-technical,Community,Lack of awareness about agrobiodiversity,Yes,"Conservation practitioners, NGO's, NARI, farmer groups",>5,,,,,,https://hdl.handle.net/10568/172523,https://cgiar-my.sharepoint.com/:w:/g/personal/d_naziri_cgiar_org/ETueBYQ-PmBGk0Nr3zv7wzIBmlHC6G-eggYRi2Gd2skkpA?e=E5Whmp,,Stef de HAAN,CIP,Diego Naziri,"Plant Resources Center (PRC), ICERD, School staff",,,,,,,
Vietnam,Sa Pa (Lao Cai),Highlands,,"22.3364° N, 103.8438° E",,,,,1600,Mainstreaming of agrobiodiversity in ethnic minority schools,Socio-technical,Community,Lack of awareness about agrobiodiversity,Yes,"Conservation practitioners, NGO's, NARI, farmer groups",>5,,,,,,https://hdl.handle.net/10568/172523,https://cgiar-my.sharepoint.com/:w:/g/personal/d_naziri_cgiar_org/ETueBYQ-PmBGk0Nr3zv7wzIBmlHC6G-eggYRi2Gd2skkpA?e=E5Whmp,,Stef de HAAN,CIP,Diego Naziri,"Plant Resources Center (PRC), ICERD, School staff",,,,,,,
Vietnam,Sa Pa (Lao Cai); Mai Son (Son La),Highlands,,"Sa Pa: 22.458449, 103.757661; Mai Son 21.277498, 104.133957",,,,,,Diet Health Clubs,Socio-technical,Community,"Limited capacity and awareness in vegetables (seeds, production) and nutrition ",Yes,"Farmers, NARI",4,139,,"Diversity, Nature positive practices, Consumption",No,,,Nature+ WP2_Vietnam Training report_VCG and DHC_11 Nov 2024.pdf; https://hdl.handle.net/10568/132388,,Kees Swaans,Alliance of Bioversity and CIAT,Deborah Nabuuma,Fruits and Vegetables Research Institute,,,,,,,
Vietnam,Sa Pa (Lao Cai); Mai Son (Son La),Highlands,,"Sa Pa: 22.420124, 103.785731; Mai Son 21.0781088, 104.1966479",,,,,,Vegetable value chain farmer groups,Socio-technical,Community,"Limited capacity and awareness in vegetables seeds, production and their value chains",Yes,"Farmers, NARI",4,42,,"Diversity, Yield, Revenue, Nature positive practices, Buyers",No,,,N+_WP2_Value chain groups_2024 summay_FAVRI_12 Nov.pdf; https://hdl.handle.net/10568/132386,AoW3,Kees Swaans,Alliance of Bioversity and CIAT,Deborah Nabuuma,Fruits and Vegetables Research Institute,,,,,,,
Vietnam,Sa Pa (Lao Cai); Mai Son (Son La),Highlands,,"Sa Pa 22.409465, 103.805013; Mai Son 21.1749456, 104.1922291",,,,,,Particiaptory variety selection ,Socio-technical,Community,Limited awareness and skills in variety selection and conservation of crop diversity,Yes,"Farmers, NARI",1,12,,"Yield, Growth and fruit characteristics, Preference",No,,,https://alliancebioversityciat.org/stories/growing-pumpkin-custodians-women-farmers-north-vietnam-participatory-variety-selection; https://cgiar-my.sharepoint.com/:b:/g/personal/d_nabuuma_cgiar_org/EXAzQrHE0vhKlco30sSx66ABrjSb-YiHG7fkcMaAxpK8gw?e=c1dHey,AoW3,Kees Swaans,Alliance of Bioversity and CIAT,Deborah Nabuuma; Ronnie Vernooy,Fruits and Vegetables Research Institute; Plant Resources Center,,,,,,,
Zimbabwe,Murehwa,Semi-arid,,"Latitude, -17.6432, Longitude, 31.7840",,,,,1345,Push-pull,Technical,Plot,Increased pest damage,Yes,"Farmers, Government stakeholders, Governmental agencies",3,109,,"Yield (kg/ha), Biomass (Kg/ha), pest incidence, pest damage severity",No,,,https://cgspace.cgiar.org/items/aea6ae08-9507-4df2-af8c-1eff5c42923e; https://hdl.handle.net/10568/169320,AoW2,Vimbayi Chimonyo,CIMMYT,Dorcas Matangi,ARDAS,,,,,,,
Zimbabwe,Murehwa,Semi-arid,,"Latitude, -17.6432, Longitude, 31.7841",,,,,1345,Push-pull,Technical,Field,Increased pest damage,Yes,"Farmers, Government stakeholders, Governmental agencies",1,3,,"Yield (kg/ha), Biomass (Kg/ha), pest incidence, pest damage severity",No,,,https://cgspace.cgiar.org/items/aea6ae08-9507-4df2-af8c-1eff5c42923e; https://hdl.handle.net/10568/169320,AoW3,Vimbayi Chimonyo,CIMMYT,Dorcas Matangi,ARDAS,,,,,,,
Zimbabwe,Murehwa,Semi-arid,,"Latitude, -17.6432, Longitude, 31.7842",,,,,1345,Biochar,Technical,Plot,Low fertilizer use,Yes,"Farmers, Government stakeholders, Governmental agencies",2,14,,"Yield (kg/ha), Biomass (Kg/ha), pest incidence, pest damage severity",No,,,https://cgspace.cgiar.org/items/aea6ae08-9507-4df2-af8c-1eff5c42923e; https://hdl.handle.net/10568/169320,AoW4,Vimbayi Chimonyo,CIMMYT,Dorcas Matangi,ARDAS,,,,,,,
Zimbabwe,Murehwa,Semi-arid,,"Latitude, -17.6432, Longitude, 31.7843",,,,,1345,Biochar,Technical,Field,Low fertilizer use,Yes,"Farmers, Government stakeholders, Governmental agencies",1,2,,"Yield (kg/ha), Biomass (Kg/ha), pest incidence, pest damage severity",No,,,https://cgspace.cgiar.org/items/aea6ae08-9507-4df2-af8c-1eff5c42923e; https://hdl.handle.net/10568/169320,"AoW2, AoW3",Vimbayi Chimonyo,CIMMYT,Dorcas Matangi,ARDAS,,,,,,,
Zimbabwe,Murehwa,Semi-arid,,"Latitude, -17.6432, Longitude, 31.7844",,,,,1345,Conservation Agriculture,Technical,Plot,"Low productivity, climate variability, drought",Yes,"Farmers, Government stakeholders, Governmental agencies",3,134,,"Yield (kg/ha), Biomass (Kg/ha), pest incidence, pest damage severity",No,,,https://cgspace.cgiar.org/items/aea6ae08-9507-4df2-af8c-1eff5c42923e; https://hdl.handle.net/10568/169320,AoW2,Vimbayi Chimonyo,CIMMYT,Dorcas Matangi,ARDAS,,,,,,,
Zimbabwe,Murehwa,Semi-arid,,"Latitude, -17.6432, Longitude, 31.7845",,,,,1345,Conservation Agriculture,Technical,Field,"Low productivity, climate variability, drought",Yes,"Farmers, Government stakeholders, Governmental agencies",1,4,,"Yield (kg/ha), Biomass (Kg/ha), pest incidence, pest damage severity",No,,,https://cgspace.cgiar.org/items/aea6ae08-9507-4df2-af8c-1eff5c42923e; https://hdl.handle.net/10568/169320,AoW2,Vimbayi Chimonyo,CIMMYT,Dorcas Matangi,ARDAS,,,,,,,
Zimbabwe,Murehwa,Semi-arid,,"Latitude, -17.6432, Longitude, 31.7845",,,,,1345,Traditional,Technical,Plot,Increased pest damage,Yes,"Farmers, Government stakeholders, Governmental agencies",2,35,,"Yield (kg/ha), Biomass (Kg/ha), pest incidence, pest damage severity",No,,,https://cgspace.cgiar.org/items/aea6ae08-9507-4df2-af8c-1eff5c42923e; https://hdl.handle.net/10568/169321,AoW2,Vimbayi Chimonyo,CIMMYT,Dorcas Matangi,ARDAS,,,,,,,
Zimbabwe,Murehwa,Semi-arid,,"Latitude, -17.6432, Longitude, 31.7845",,,,,1345,Traditional,Technical,Field,Increased pest damage,Yes,"Farmers, Government stakeholders, Governmental agencies",2,2,,"Yield (kg/ha), Biomass (Kg/ha), pest incidence, pest damage severity",No,,,https://cgspace.cgiar.org/items/aea6ae08-9507-4df2-af8c-1eff5c42923e; https://hdl.handle.net/10568/169322,AoW2,Vimbayi Chimonyo,CIMMYT,Dorcas Matangi,ARDAS,,,,,,,
Zimbabwe,Murehwa,Semi-arid,,"Latitude, -17.6432, Longitude, 31.7841",,,,,1345,Hamara App,Socio-technical,Landscape,"Knowledge, finance, and markets",No,"Farmers, Government extension, NGOs/CBOs, Government research organization, Private sector, Financial Institutions ",1,40,,"Feed (kg/100birds), Sales, Number of batches, Loyalty points/discounts, Record keeping)",No,,,Company develops a new mobile application for farmers | The Sunday News,AoW1,Vimbayi Chimonyo,CIMMYT,"Hambulo Ngoma, Moti Jaleta, Taurai Zingwena",HAMARA,,,,,,,
Zimbabwe,Murehwa,Semi-arid,,"Latitude, -17.6432, Longitude, 31.7841",,,,,1345,Sasso chickens,Socio-economic,Landscape,"Nutrition, low income, poor breeds",Yes,"Farmers, Government Extension, Private Sector, NGOs/CBOs, ",2,200,,"Income of CBO, Feed (kg/100birds), Costs of CBO ",No,,,https://hdl.handle.net/10883/35312,"Aow1, AoW5",Vimbayi Chimonyo,CIMMYT,"Hambulo Ngoma, Moti Jaleta, Taurai Zingwena",HAMARA,,,,,,,
Zimbabwe,Murehwa,Semi-arid,,"Latitude, -17.6432, Longitude, 31.7841",,,,,1345,Azolla farming,Technical,Landscape,Poultry feed shortage,Yes,"Farmers, Government extension, Government agencies",2,13,,"Biomass (kg/ha), Protein Content",No,,,https://www.cimmyt.org/news/exploring-azolla-farming-as-a-sustainable-feed-source-for-poultry-in-murehwa-zimbabwe/,"Aow1, AoW5",Vimbayi Chimonyo,CIMMYT,Dorcas Matangi,ARDAS,,,,,,,
Zimbabwe,Murehwa,Semi-arid,,"Latitude, -17.6432, Longitude, 31.7845",,,,,1345,Capacity building,Socio-technical,Community,Knowledge gap,Yes,"Farmers, Government extension, Government agencies",3,122,,,No,,,,,Vimbayi Chimonyo,CIMMYT,Dorcas Matangi,ARDAS,,,,,,,
Zimbabwe,Murehwa,Semi-arid,,"Latitude, -17.6432, Longitude, 31.7845",,,,,1345,Basin digger,Socio-technical,Landscape,Labour intensive,Yes,"Farmers, Government extension, Government agencies",2,12,,"Land preparation time(hrs/day), Number of people for land preparation",No,,,,,Vimbayi Chimonyo,CIMMYT,Dorcas Matangi,ARDAS,,,,,,,
Zimbabwe,Murehwa,Semi-arid,,"Latitude, -17.6432, Longitude, 31.7845",,,,,1345,Farmer field days,Socio-technical,Landscape,Knowledge gap,Yes,"Farmers, Government extension, Government agencies",2,382,,Partcipatory rating and ranking,No,,,,,Vimbayi Chimonyo,CIMMYT,Dorcas Matangi,ARDAS,,,,,,,
Zimbabwe,Murehwa,Semi-arid,,"Latitude, -17.6432, Longitude, 31.7845",,,,,1345,Agroecology fairs,Socio-economic,Landscape,Input markets,Yes,"Farmers, Government extension, Government agencies",3,1253,,,No,,,,,Vimbayi Chimonyo,CIMMYT,Dorcas Matangi,ARDAS,,,,,,,
Zimbabwe,Mbire,Arid,,"Latitude, -20.55, Longitude, 30.5667",,,,,400,Push-pull,Technical,Plot,Increased pest damage,Yes,"Farmers, Government stakeholders, Governmental agencies",3,56,,"Yield (kg/ha), Biomass (Kg/ha), pest incidence, pest damage severity",No,,,https://cgspace.cgiar.org/items/aea6ae08-9507-4df2-af8c-1eff5c42923e; https://hdl.handle.net/10568/169320,AoW2,Vimbayi Chimonyo,CIMMYT,Dorcas Matangi,ARDAS,,,,,,,
Zimbabwe,Mbire,Arid,,"Latitude, -20.55, Longitude, 30.5667",,,,,400,Push-pull,Technical,Field,Increased pest damage,Yes,"Farmers, Government stakeholders, Governmental agencies",1,1,,"Yield (kg/ha), Biomass (Kg/ha), pest incidence, pest damage severity",No,,,https://cgspace.cgiar.org/items/aea6ae08-9507-4df2-af8c-1eff5c42923e; https://hdl.handle.net/10568/169320,AoW3,Vimbayi Chimonyo,CIMMYT,Dorcas Matangi,ARDAS,,,,,,,
Zimbabwe,Mbire,Arid,,"Latitude, -20.55, Longitude, 30.5667",,,,,400,Biochar,Technical,Plot,low fertilizer use,No,"Farmers, Government stakeholders, Governmental agencies",3,13,,"Yield (kg/ha), Biomass (Kg/ha), pest incidence, pest damage severity",No,,,https://cgspace.cgiar.org/items/aea6ae08-9507-4df2-af8c-1eff5c42923e; https://hdl.handle.net/10568/169320,AoW4,Vimbayi Chimonyo,CIMMYT,Dorcas Matangi,ARDAS,,,,,,,
Zimbabwe,Mbire,Arid,,"Latitude, -20.55, Longitude, 30.5667",,,,,400,Biochar,Technical,Field,low fertilizer use,Yes,"Farmers, Government stakeholders, Governmental agencies",1,1,,"Yield (kg/ha), Biomass (Kg/ha), pest incidence, pest damage severity",No,,,https://cgspace.cgiar.org/items/aea6ae08-9507-4df2-af8c-1eff5c42923e; https://hdl.handle.net/10568/169320,"AoW2, AoW3",Vimbayi Chimonyo,CIMMYT,Dorcas Matangi,ARDAS,,,,,,,
Zimbabwe,Mbire,Arid,,"Latitude, -20.55, Longitude, 30.5667",,,,,400,Conservation Agriculture,Technical,Plot,"low productivity, climate variability, drought",No,"Farmers, Government stakeholders, Governmental agencies",3,53,,"Yield (kg/ha), Biomass (Kg/ha), pest incidence, pest damage severity",No,,,https://cgspace.cgiar.org/items/aea6ae08-9507-4df2-af8c-1eff5c42923e; https://hdl.handle.net/10568/169320,AoW2,Vimbayi Chimonyo,CIMMYT,Dorcas Matangi,ARDAS,,,,,,,
Zimbabwe,Mbire,Arid,,"Latitude, -20.55, Longitude, 30.5667",,,,,400,Conservation Agriculture,Technical,Field,"low productivity, climate variability, drought",Yes,"Farmers, Government stakeholders, Governmental agencies",1,4,,"Yield (kg/ha), Biomass (Kg/ha), pest incidence, pest damage severity",No,,,https://cgspace.cgiar.org/items/aea6ae08-9507-4df2-af8c-1eff5c42923e; https://hdl.handle.net/10568/169320,AoW2,Vimbayi Chimonyo,CIMMYT,Dorcas Matangi,ARDAS,,,,,,,
Zimbabwe,Mbire,Arid,,"Latitude, -20.55, Longitude, 30.5667",,,,,400,Traditional,Technical,Plot,Increased pest damage,Yes,"Farmers, Government stakeholders, Governmental agencies",2,26,,"Yield (kg/ha), Biomass (Kg/ha), pest incidence, pest damage severity",No,,,https://cgspace.cgiar.org/items/aea6ae08-9507-4df2-af8c-1eff5c42923e; https://hdl.handle.net/10568/169321,AoW2,Vimbayi Chimonyo,CIMMYT,Dorcas Matangi,ARDAS,,,,,,,
Zimbabwe,Mbire,Arid,,"Latitude, -20.55, Longitude, 30.5667",,,,,400,Traditional,Technical,Field,Increased pest damage,Yes,"Farmers, Government stakeholders, Governmental agencies",2,1,,"Yield (kg/ha), Biomass (Kg/ha), pest incidence, pest damage severity",No,,,https://cgspace.cgiar.org/items/aea6ae08-9507-4df2-af8c-1eff5c42923e; https://hdl.handle.net/10568/169322,AoW2,Vimbayi Chimonyo,CIMMYT,Dorcas Matangi,ARDAS,,,,,,,
Zimbabwe,Mbire,Arid,,"Latitude, -20.55, Longitude, 30.5667",,,,,400,Capacity building,Socio-technical,Community,Knowledge gap,Yes,"Farmers, Government extension, Government agencies",3,50,,,No,,,,,Vimbayi Chimonyo,CIMMYT,Dorcas Matangi,ARDAS,,,,,,,
Zimbabwe,Mbire,Arid,,"Latitude, -20.55, Longitude, 30.5667",,,,,400,Basin digger,Socio-technical,Landscape,Labour intensive,Yes,"Farmers, Government extension, Government agencies",2,16,,"Land preparation time(hrs/day), Number of people for land preparation",No,,,,,Vimbayi Chimonyo,CIMMYT,Dorcas Matangi,ARDAS,,,,,,,
Zimbabwe,Mbire,Arid,,"Latitude, -20.55, Longitude, 30.5667",,,,,400,Farmer field days,Socio-technical,Landscape,Knowledge gap,Yes,"Farmers, Government extension, Government agencies",2,355,,Partcipatory rating and ranking,No,,,,,Vimbayi Chimonyo,CIMMYT,Dorcas Matangi,ARDAS,,,,,,,
Zimbabwe,Mbire,Arid,,"Latitude, -20.55, Longitude, 30.5667",,,,,400,Agroecology fairs,Socio-economic,Landscape,Input markets,Yes,"Farmers, Government extension, Government agencies",6,1330,,,No,,,,,Vimbayi Chimonyo,CIMMYT,Dorcas Matangi,ARDAS,,,,,,,
Zimbabwe,Mbire,Arid,,"Latitude, -20.55, Longitude, 30.5667",,,,,400,Contract farming,Economic,Field,Access to Finance and markets,Yes,"Farmers, Government Extension, Private Sector, NGOs/CBOs, ",2,50,,"Yield (kg/ha), Input use, ",No,,,https://hdl.handle.net/10883/35308,AoW1 & AoW3,Vimbayi Chimonyo,CIMMYT,"Hambulo Ngoma, Moti Jaleta, Taurai Zingwena",PHI/ Agrowth ,,,,,,,
Kenya,"Kisumu, Vihiga, Kajiado",equatorial hot & humid,,,,,,,,True cost accounting dashboard,Socio-economic,Multiscale,"Externalities (social and environmental costs) are not accounted for in agrifood systems. The dashboard allows users to explore key indicators related to the true costs of food and identify relative magnitude of environmental and social costs, both overall and across sectors.",No,,0,0,,Household and workers' survey ,No,,https://hdl.handle.net/10568/159271,https://hdl.handle.net/10568/169668,AOW4,Rui Benfica,IFPRI,"Kristin Davis, Carlo Azzarri, Sedi Boukaka",,,,,,,,
Vietnam,Sa Pa (Lao Cai); Mai Son (Son La),,,"Sa Pa 22.409465, 103.805013; Mai Son 21.1749456, 104.1922291",,,,,,True cost accounting dashboard,Socio-economic,Multiscale,"Externalities (social and environmental costs) are not accounted for in agrifood systems. The dashboard allows users to explore key indicators related to the true costs of food and identify relative magnitude of environmental and social costs, both overall and across sectors.",No,,0,0,,Household and workers' survey ,No,,https://hdl.handle.net/10568/159270,https://hdl.handle.net/10568/169668,AOW4,Rui Benfica,IFPRI,"Kristin Davis, Carlo Azzarri, Sedi Boukaka",,,,,,,,
